{
    "quantiles": {
        "measurement_x": {
            "q1": 0.478491988,
            "q3": 0.797264389
        },
        "measurement_y": {
            "q1": 0.014918942,
            "q3": 0.253742577
        },
        "measurement_z": {
            "q1": 0.031638288,
            "q3": 0.093102568
        }
    },
    "max_seq_size": 30
}